<!DOCTYPE suite SYSTEM "http://testng.org/testng-1.0.dtd" >

<suite thread-count="1" name="linkedIn" verbose="1" parallel="false">
<!-- Run the below two test flows for Web application testing-->
<   <test name="WebTestFlow1">
    <classes>
       <class name="webSystemTC1.WebTestFlow1">
       </class>
    </classes>
  </test> 
  
  <test name="WebTestFlow2" >
    <classes>
       <class name="webSystemTC2.WebTestFlow2">
       </class>
    </classes>
  </test>
   
  <!-- Run the below two test flows for Mobile application testing-->
  
    <test name="MobTestFlow1" >
    <classes>
       <class name="mobSystemTC1.MobTestFlow1">
       </class>
    </classes>
  </test>
  
  <test name="MobTestFlow2" >
    <classes>
       <class name="mobSystemTC2.MobTestFlow2">
       </class>
    </classes>
  </test> 
  
</suite>